[
  {
    "id": 1,
    "life": 15,
    "damage": 5,
    "bossdamagemulitplier": 2,
    "bosslifemulitplier": 2
  },
  {
    "id": 2,
    "life": 18,
    "damage": 5,
    "bossdamagemulitplier": 3,
    "bosslifemulitplier": 3
  },
  {
    "id": 3,
    "life": 21,
    "damage": 5,
    "bossdamagemulitplier": 4,
    "bosslifemulitplier": 4
  },
  {
    "id": 4,
    "life": 24,
    "damage": 5,
    "bossdamagemulitplier": 5,
    "bosslifemulitplier": 5
  },
  {
    "id": 5,
    "life": 27,
    "damage": 5,
    "bossdamagemulitplier": 6,
    "bosslifemulitplier": 6
  }
]
